{

    "metadata" :
    {
        "formatVersion" : 3.1,
        "sourceFile"    : "complex.obj",
        "generatedBy"   : "OBJConverter",
        "vertices"      : 49,
        "faces"         : 86,
        "normals"       : 0,
        "colors"        : 0,
        "uvs"           : 0,
        "materials"     : 2
    },

    "scale" : 1.000000,

    "materials": [	{
	"DbgColor" : 15658734,
	"DbgIndex" : 0,
	"DbgName" : "None",
	"colorAmbient" : [0.0, 0.0, 0.0],
	"colorDiffuse" : [0.8, 0.8, 0.8],
	"colorSpecular" : [0.8, 0.8, 0.8],
	"illumination" : 2,
	"opacity" : 0.0,
	"specularCoef" : 0.0,
	"transparent" : true
	},

	{
	"DbgColor" : 15597568,
	"DbgIndex" : 1,
	"DbgName" : "Material",
	"colorAmbient" : [0.0, 0.0, 0.0],
	"colorDiffuse" : [0.64, 0.64, 0.64],
	"colorSpecular" : [0.5, 0.5, 0.5],
	"illumination" : 2,
	"opacity" : 0.0,
	"opticalDensity" : 1.0,
	"specularCoef" : 96.078431,
	"transparent" : true
	}],

    "vertices": [0.757145,0.192962,0.379633,0.757145,0.192962,0.095788,1.040991,0.192962,0.095788,1.040991,0.192962,0.379633,0.757145,0.476807,0.379633,0.757145,0.476807,0.095788,1.040991,0.476807,0.095788,1.040991,0.476807,0.379633,0.339721,0.492020,-0.183482,0.339721,1.096257,0.118636,0.398661,0.492020,-0.177677,0.455336,0.492020,-0.160485,0.507569,0.492020,-0.132566,0.553351,0.492020,-0.094994,0.590923,0.492020,-0.049212,0.618842,0.492020,0.003020,0.636034,0.492020,0.059696,0.641839,0.492020,0.118636,0.636034,0.492020,0.177576,0.618842,0.492020,0.234252,0.590923,0.492020,0.286484,0.553351,0.492020,0.332266,0.507569,0.492020,0.369838,0.455336,0.492020,0.397757,0.398661,0.492020,0.414949,0.339721,0.492020,0.420754,0.280780,0.492020,0.414949,0.224105,0.492020,0.397757,0.171872,0.492020,0.369838,0.126090,0.492020,0.332266,0.088518,0.492020,0.286484,0.060599,0.492020,0.234251,0.043407,0.492020,0.177576,0.037602,0.492020,0.118636,0.043407,0.492020,0.059695,0.060600,0.492020,0.003020,0.088519,0.492020,-0.049212,0.126091,0.492020,-0.094994,0.171873,0.492020,-0.132567,0.224105,0.492020,-0.160485,0.280781,0.492020,-0.177677,0.302407,-0.343913,-0.207534,0.302407,-0.343913,0.207534,-0.302407,-0.343913,0.207534,-0.302406,-0.343913,-0.207534,0.302407,0.343913,-0.207534,0.302406,0.343913,0.207534,-0.302407,0.343913,0.207534,-0.302407,0.343913,-0.207534],

    "morphTargets": [],

    "morphColors": [],

    "normals": [],

    "colors": [],

    "uvs": [[]],

    "faces": [2,5,1,0,0,2,6,2,1,0,2,7,3,2,0,2,4,0,3,0,2,1,2,3,0,2,6,5,4,0,2,4,5,0,0,2,5,6,1,0,2,6,7,2,0,2,7,4,3,0,2,0,1,3,0,2,7,6,4,0,2,39,9,40,0,2,8,9,10,0,2,38,9,39,0,2,37,9,38,0,2,36,9,37,0,2,35,9,36,0,2,34,9,35,0,2,33,9,34,0,2,32,9,33,0,2,31,9,32,0,2,30,9,31,0,2,29,9,30,0,2,28,9,29,0,2,27,9,28,0,2,26,9,27,0,2,25,9,26,0,2,24,9,25,0,2,23,9,24,0,2,22,9,23,0,2,21,9,22,0,2,20,9,21,0,2,19,9,20,0,2,18,9,19,0,2,17,9,18,0,2,16,9,17,0,2,15,9,16,0,2,14,9,15,0,2,13,9,14,0,2,12,9,13,0,2,11,9,12,0,2,40,9,8,0,2,10,9,11,0,2,18,8,13,0,2,8,29,40,0,2,37,38,39,0,2,37,34,36,0,2,34,37,29,0,2,16,13,14,0,2,31,32,30,0,2,27,28,29,0,2,25,26,27,0,2,23,24,25,0,2,21,22,23,0,2,21,18,20,0,2,34,35,36,0,2,17,18,16,0,2,15,16,14,0,2,11,12,13,0,2,11,13,10,0,2,18,23,8,0,2,18,19,20,0,2,23,25,8,0,2,25,27,29,0,2,32,34,30,0,2,13,8,10,0,2,32,33,34,0,2,29,39,40,0,2,29,37,39,0,2,18,21,23,0,2,34,29,30,0,2,18,13,16,0,2,8,25,29,0,2,42,43,44,1,2,45,48,47,1,2,45,46,42,1,2,42,46,47,1,2,47,48,44,1,2,45,41,44,1,2,41,42,44,1,2,46,45,47,1,2,41,45,42,1,2,43,42,47,1,2,43,47,44,1,2,48,45,44,1]

}
