{

    "metadata" :
    {
        "formatVersion" : 3.1,
        "sourceFile"    : "cube.obj",
        "generatedBy"   : "OBJConverter",
        "vertices"      : 8,
        "faces"         : 12,
        "normals"       : 0,
        "colors"        : 0,
        "uvs"           : 0,
        "materials"     : 1
    },

    "scale" : 1.000000,

    "materials": [	{
	"DbgColor" : 15658734,
	"DbgIndex" : 0,
	"DbgName" : "Material",
	"colorAmbient" : [0.0, 0.0, 0.0],
	"colorDiffuse" : [0.64, 0.64, 0.64],
	"colorSpecular" : [0.5, 0.5, 0.5],
	"illumination" : 2,
	"opacity" : 0.0,
	"opticalDensity" : 1.0,
	"specularCoef" : 96.078431,
	"transparent" : true
	}],

    "vertices": [1.000000,-1.000000,-1.000000,1.000000,-1.000000,1.000000,-1.000000,-1.000000,1.000000,-1.000000,-1.000000,-1.000000,1.000000,1.000000,-0.999999,0.999999,1.000000,1.000001,-1.000000,1.000000,1.000000,-1.000000,1.000000,-1.000000],

    "morphTargets": [],

    "morphColors": [],

    "normals": [],

    "colors": [],

    "uvs": [[]],

    "faces": [2,1,2,3,0,2,7,6,5,0,2,0,4,5,0,2,1,5,6,0,2,6,7,3,0,2,0,3,7,0,2,0,1,3,0,2,4,7,5,0,2,1,0,5,0,2,2,1,6,0,2,2,6,3,0,2,4,0,7,0]

}
