{

    "metadata" :
    {
        "formatVersion" : 3.1,
        "sourceFile"    : "cyl.obj",
        "generatedBy"   : "OBJConverter",
        "vertices"      : 96,
        "faces"         : 124,
        "normals"       : 0,
        "colors"        : 0,
        "uvs"           : 0,
        "materials"     : 1
    },

    "scale" : 1.000000,

    "materials": [	{
	"DbgColor" : 15658734,
	"DbgIndex" : 0,
	"DbgName" : "None",
	"colorAmbient" : [0.0, 0.0, 0.0],
	"colorDiffuse" : [0.8, 0.8, 0.8],
	"colorSpecular" : [0.8, 0.8, 0.8],
	"illumination" : 2,
	"opacity" : 0.0,
	"specularCoef" : 0.0,
	"transparent" : true
	}],

    "vertices": [-0.121582,-0.267272,-0.456218,-0.121582,0.473228,-0.456218,-0.049350,-0.267272,-0.449104,-0.049350,0.473228,-0.449104,0.020107,-0.267272,-0.428035,0.020107,0.473228,-0.428035,0.084118,-0.267272,-0.393820,0.084118,0.473228,-0.393820,0.140224,-0.267272,-0.347774,0.140224,0.473228,-0.347774,0.186270,-0.267272,-0.291668,0.186270,0.473228,-0.291668,0.220484,-0.267272,-0.227657,0.220484,0.473228,-0.227657,0.241554,-0.267272,-0.158200,0.241554,0.473228,-0.158200,0.248668,-0.267272,-0.085968,0.248668,0.473228,-0.085968,0.241554,-0.267272,-0.013736,0.241554,0.473228,-0.013736,0.220484,-0.267272,0.055721,0.220484,0.473228,0.055721,0.186270,-0.267272,0.119732,0.186270,0.473228,0.119732,0.140224,-0.267272,0.175838,0.140224,0.473228,0.175838,0.084118,-0.267272,0.221884,0.084118,0.473228,0.221884,0.020106,-0.267272,0.256099,0.020106,0.473228,0.256099,-0.049350,-0.267272,0.277168,-0.049350,0.473228,0.277168,-0.121582,-0.267272,0.284282,-0.121582,0.473228,0.284282,-0.193815,-0.267272,0.277168,-0.193815,0.473228,0.277168,-0.263271,-0.267272,0.256099,-0.263271,0.473228,0.256099,-0.327282,-0.267272,0.221884,-0.327282,0.473228,0.221884,-0.383389,-0.267272,0.175838,-0.383389,0.473228,0.175838,-0.429434,-0.267272,0.119732,-0.429434,0.473228,0.119732,-0.463649,-0.267272,0.055720,-0.463649,0.473228,0.055720,-0.484718,-0.267272,-0.013736,-0.484718,0.473228,-0.013736,-0.491832,-0.267272,-0.085968,-0.491832,0.473228,-0.085968,-0.484718,-0.267272,-0.158201,-0.484718,0.473228,-0.158201,-0.463649,-0.267272,-0.227657,-0.463649,0.473228,-0.227657,-0.429434,-0.267272,-0.291668,-0.429434,0.473228,-0.291668,-0.383388,-0.267272,-0.347775,-0.383388,0.473228,-0.347775,-0.327282,-0.267272,-0.393820,-0.327282,0.473228,-0.393820,-0.263270,-0.267272,-0.428035,-0.263270,0.473228,-0.428035,-0.193814,-0.267272,-0.449104,-0.193814,0.473228,-0.449104,6.611765,5.226038,4.751079,6.416675,5.226038,4.770294,6.229082,5.226038,4.827199,6.056195,5.226038,4.919610,5.904659,5.226038,5.043972,5.780296,5.226038,5.195509,5.687886,5.226038,5.368396,5.630980,5.226038,5.555989,5.611765,5.226038,5.751079,5.630980,5.226038,5.946169,5.687886,5.226038,6.133762,5.780296,5.226038,6.306649,5.904659,5.226038,6.458186,6.056195,5.226038,6.582549,6.229082,5.226038,6.674959,6.416675,5.226038,6.731864,6.611766,5.226038,6.751079,6.806856,5.226038,6.731864,6.994449,5.226038,6.674958,7.167336,5.226038,6.582548,7.318872,5.226038,6.458185,7.443235,5.226038,6.306649,7.535645,5.226038,6.133762,7.592551,5.226038,5.946168,7.611765,5.226038,5.751078,7.592550,5.226038,5.555988,7.535645,5.226038,5.368395,7.443234,5.226038,5.195508,7.318871,5.226038,5.043972,7.167335,5.226038,4.919609,6.994448,5.226038,4.827199,6.806854,5.226038,4.770294],

    "morphTargets": [],

    "morphColors": [],

    "normals": [],

    "colors": [],

    "uvs": [[]],

    "faces": [2,1,3,2,0,2,3,5,4,0,2,5,7,6,0,2,7,9,8,0,2,9,11,10,0,2,11,13,12,0,2,13,15,14,0,2,15,17,16,0,2,17,19,18,0,2,19,21,20,0,2,21,23,22,0,2,23,25,24,0,2,25,27,26,0,2,27,29,28,0,2,29,31,30,0,2,31,33,32,0,2,33,35,34,0,2,35,37,36,0,2,37,39,38,0,2,39,41,40,0,2,41,43,42,0,2,43,45,44,0,2,45,47,46,0,2,47,49,48,0,2,49,51,50,0,2,51,53,52,0,2,53,55,54,0,2,55,57,56,0,2,57,59,58,0,2,59,61,60,0,2,37,35,59,0,2,63,1,0,0,2,61,63,62,0,2,16,32,48,0,2,0,1,2,0,2,2,3,4,0,2,4,5,6,0,2,6,7,8,0,2,8,9,10,0,2,10,11,12,0,2,12,13,14,0,2,14,15,16,0,2,16,17,18,0,2,18,19,20,0,2,20,21,22,0,2,22,23,24,0,2,24,25,26,0,2,26,27,28,0,2,28,29,30,0,2,30,31,32,0,2,32,33,34,0,2,34,35,36,0,2,36,37,38,0,2,38,39,40,0,2,40,41,42,0,2,42,43,44,0,2,44,45,46,0,2,46,47,48,0,2,48,49,50,0,2,50,51,52,0,2,52,53,54,0,2,54,55,56,0,2,56,57,58,0,2,58,59,60,0,2,3,9,5,0,2,13,35,15,0,2,15,25,21,0,2,15,21,17,0,2,60,61,62,0,2,51,37,53,0,2,31,29,27,0,2,35,33,31,0,2,62,63,0,0,2,3,63,61,0,2,47,45,43,0,2,51,49,47,0,2,37,57,53,0,2,55,53,57,0,2,9,7,5,0,2,3,1,63,0,2,41,37,51,0,2,9,3,61,0,2,21,19,17,0,2,35,31,27,0,2,25,23,21,0,2,43,41,47,0,2,41,39,37,0,2,61,59,35,0,2,13,9,61,0,2,27,25,35,0,2,15,35,25,0,2,59,57,37,0,2,13,11,9,0,2,47,41,51,0,2,35,13,61,0,2,0,4,62,0,2,60,4,58,0,2,52,54,56,0,2,48,50,52,0,2,48,40,46,0,2,44,46,42,0,2,36,38,40,0,2,32,34,36,0,2,32,26,30,0,2,4,56,58,0,2,20,22,24,0,2,16,18,20,0,2,12,14,16,0,2,8,10,12,0,2,4,6,8,0,2,0,2,4,0,2,32,24,26,0,2,48,52,56,0,2,32,16,20,0,2,32,36,40,0,2,26,28,30,0,2,24,32,20,0,2,8,12,16,0,2,8,48,4,0,2,4,60,62,0,2,32,40,48,0,2,46,40,42,0,2,16,48,8,0,2,4,48,56,0]

}
