{

    "metadata" :
    {
        "formatVersion" : 3.1,
        "sourceFile"    : "shittyCity.obj",
        "generatedBy"   : "OBJConverter",
        "vertices"      : 80,
        "faces"         : 148,
        "normals"       : 0,
        "colors"        : 0,
        "uvs"           : 0,
        "materials"     : 1
    },

    "scale" : 1.000000,

    "materials": [	{
	"DbgColor" : 15658734,
	"DbgIndex" : 0,
	"DbgName" : "None",
	"colorAmbient" : [0.0, 0.0, 0.0],
	"colorDiffuse" : [0.8, 0.8, 0.8],
	"colorSpecular" : [0.8, 0.8, 0.8],
	"illumination" : 2,
	"opacity" : 0.0,
	"specularCoef" : 0.0,
	"transparent" : true
	}],

    "vertices": [-0.460176,-0.988641,0.187061,-0.460176,1.903515,0.187061,-0.403753,-0.988641,0.192652,-0.403753,1.903515,0.192652,-0.349498,-0.988641,0.209211,-0.349498,1.903515,0.209211,-0.299496,-0.988641,0.236100,-0.299496,1.903515,0.236100,-0.255669,-0.988641,0.272287,-0.255669,1.903515,0.272287,-0.219702,-0.988641,0.316380,-0.219702,1.903515,0.316380,-0.192975,-0.988641,0.366686,-0.192975,1.903515,0.366686,-0.176517,-0.988641,0.421272,-0.176517,1.903515,0.421272,-0.170960,-0.988641,0.478039,-0.170960,1.903515,0.478039,-0.176517,-0.988641,0.534805,-0.176517,1.903515,0.534805,-0.192975,-0.988641,0.589391,-0.192975,1.903515,0.589391,-0.219702,-0.988641,0.639697,-0.219702,1.903515,0.639697,-0.255669,-0.988641,0.683791,-0.255669,1.903515,0.683791,-0.299496,-0.988641,0.719977,-0.299496,1.903515,0.719977,-0.349498,-0.988641,0.746867,-0.349498,1.903515,0.746867,-0.403753,-0.988641,0.763425,-0.403753,1.903515,0.763425,-0.460176,-0.988641,0.769016,-0.460176,1.903515,0.769016,-0.516599,-0.988641,0.763425,-0.516599,1.903515,0.763425,-0.570854,-0.988641,0.746867,-0.570854,1.903515,0.746867,-0.620855,-0.988641,0.719977,-0.620855,1.903515,0.719977,-0.664682,-0.988641,0.683791,-0.664682,1.903515,0.683791,-0.700650,-0.988641,0.639697,-0.700650,1.903515,0.639697,-0.727376,-0.988641,0.589391,-0.727376,1.903515,0.589391,-0.743834,-0.988641,0.534805,-0.743834,1.903515,0.534805,-0.749391,-0.988641,0.478038,-0.749391,1.903515,0.478038,-0.743834,-0.988641,0.421271,-0.743834,1.903515,0.421271,-0.727376,-0.988641,0.366686,-0.727376,1.903515,0.366686,-0.700649,-0.988641,0.316380,-0.700649,1.903515,0.316380,-0.664682,-0.988641,0.272286,-0.664682,1.903515,0.272286,-0.620855,-0.988641,0.236099,-0.620855,1.903515,0.236099,-0.570853,-0.988641,0.209210,-0.570853,1.903515,0.209210,-0.516598,-0.988641,0.192652,-0.516598,1.903515,0.192652,-0.434805,0.193776,-0.073414,-0.434805,0.193776,-0.729496,0.221277,0.193776,-0.729496,0.221277,0.193776,-0.073414,-0.434805,0.849858,-0.073414,-0.434805,0.849858,-0.729496,0.221277,0.849858,-0.729496,0.221277,0.849858,-0.073414,-1.050921,0.352599,1.125174,-1.050921,0.352599,0.468645,-0.394392,0.352599,0.468645,-0.394392,0.352599,1.125174,-1.050921,1.009128,1.125174,-1.050921,1.009128,0.468645,-0.394392,1.009128,0.468645,-0.394392,1.009128,1.125174],

    "morphTargets": [],

    "morphColors": [],

    "normals": [],

    "colors": [],

    "uvs": [[]],

    "faces": [2,1,3,2,0,2,3,5,4,0,2,5,7,6,0,2,7,9,8,0,2,9,11,10,0,2,11,13,12,0,2,13,15,14,0,2,15,17,16,0,2,17,19,18,0,2,19,21,20,0,2,21,23,22,0,2,23,25,24,0,2,25,27,26,0,2,27,29,28,0,2,29,31,30,0,2,31,33,32,0,2,33,35,34,0,2,35,37,36,0,2,37,39,38,0,2,39,41,40,0,2,41,43,42,0,2,43,45,44,0,2,45,47,46,0,2,47,49,48,0,2,49,51,50,0,2,51,53,52,0,2,53,55,54,0,2,55,57,56,0,2,57,59,58,0,2,59,61,60,0,2,3,1,63,0,2,63,1,0,0,2,61,63,62,0,2,4,60,2,0,2,0,1,2,0,2,2,3,4,0,2,4,5,6,0,2,6,7,8,0,2,8,9,10,0,2,10,11,12,0,2,12,13,14,0,2,14,15,16,0,2,16,17,18,0,2,18,19,20,0,2,20,21,22,0,2,22,23,24,0,2,24,25,26,0,2,26,27,28,0,2,28,29,30,0,2,30,31,32,0,2,32,33,34,0,2,34,35,36,0,2,36,37,38,0,2,38,39,40,0,2,40,41,42,0,2,42,43,44,0,2,44,45,46,0,2,46,47,48,0,2,48,49,50,0,2,50,51,52,0,2,52,53,54,0,2,54,55,56,0,2,56,57,58,0,2,58,59,60,0,2,60,61,62,0,2,7,59,9,0,2,21,19,47,0,2,15,51,17,0,2,41,27,25,0,2,23,43,25,0,2,13,11,55,0,2,35,33,31,0,2,35,29,37,0,2,39,27,41,0,2,43,21,45,0,2,47,19,49,0,2,5,3,63,0,2,55,11,57,0,2,29,27,37,0,2,62,63,0,0,2,27,39,37,0,2,45,21,47,0,2,53,13,55,0,2,61,59,5,0,2,61,5,63,0,2,43,23,21,0,2,43,41,25,0,2,35,31,29,0,2,59,7,5,0,2,49,19,17,0,2,11,9,57,0,2,51,49,17,0,2,53,51,13,0,2,51,15,13,0,2,9,59,57,0,2,0,2,62,0,2,60,6,58,0,2,56,8,54,0,2,52,12,50,0,2,42,44,22,0,2,54,8,10,0,2,40,24,38,0,2,36,28,34,0,2,32,34,30,0,2,28,36,26,0,2,24,42,22,0,2,20,46,18,0,2,48,50,16,0,2,52,54,12,0,2,46,48,16,0,2,8,56,58,0,2,24,26,38,0,2,24,40,42,0,2,6,8,58,0,2,34,28,30,0,2,18,46,16,0,2,50,12,14,0,2,2,60,62,0,2,44,20,22,0,2,50,14,16,0,2,54,10,12,0,2,26,36,38,0,2,20,44,46,0,2,60,4,6,0,2,69,65,64,0,2,70,66,65,0,2,71,67,66,0,2,68,64,67,0,2,65,66,67,0,2,70,69,68,0,2,68,69,64,0,2,69,70,65,0,2,70,71,66,0,2,71,68,67,0,2,64,65,67,0,2,71,70,68,0,2,77,73,72,0,2,78,74,73,0,2,79,75,74,0,2,76,72,75,0,2,73,74,75,0,2,78,77,76,0,2,76,77,72,0,2,77,78,73,0,2,78,79,74,0,2,79,76,75,0,2,72,73,75,0,2,79,78,76,0]

}
