{

    "metadata" :
    {
        "formatVersion" : 3.1,
        "sourceFile"    : "low-poly-dead-tree.obj",
        "generatedBy"   : "OBJConverter",
        "vertices"      : 77,
        "faces"         : 75,
        "normals"       : 75,
        "colors"        : 0,
        "uvs"           : 59,
        "materials"     : 1
    },

    "scale" : 1.000000,

    "materials": [	{
	"DbgColor" : 15658734,
	"DbgIndex" : 0,
	"DbgName" : "DefaultMaterial",
	"illumination" : 2,
	"opacity" : 0.0,
	"opticalDensity" : 1.0,
	"specularCoef" : 96.078431,
	"transparent" : true
	}],

    "vertices": [0.144016,2.219406,-0.667494,-0.431514,2.275203,-0.534446,-0.791207,7.832070,-0.600426,-0.390106,6.981223,-0.804176,1.061400,0.000391,0.175065,0.690902,-0.001401,-0.627461,0.611098,2.231302,-0.301787,0.618011,3.098235,0.285511,-0.346844,0.002412,1.080587,0.337312,0.001585,0.709958,0.159549,3.174419,0.654372,-0.419057,2.402493,0.527034,-0.621169,-0.001098,-0.491936,-0.773408,0.000391,0.175065,-0.682104,2.356680,-0.002831,-0.084031,-0.002234,-1.000648,-0.146160,7.546030,-0.367136,-0.441002,9.538297,0.036770,-0.067806,9.505467,0.310077,-0.073205,8.100126,0.069683,-0.583754,8.078267,0.302663,-0.965822,8.146808,-0.118318,-1.047420,7.568177,-0.381794,-0.112881,9.543921,0.526971,2.152350,11.511392,0.475695,2.059860,11.453203,0.749791,-0.418115,9.879829,0.875371,-0.658725,9.481067,0.390695,-0.837589,9.297525,0.170747,-0.596887,9.222045,-0.017733,-0.558322,9.630979,0.203092,-1.432000,11.734959,-1.152471,-1.527470,11.736851,-1.065895,-0.599279,12.070827,1.162655,-0.981955,12.402287,1.189275,-1.426120,13.498643,2.063740,-1.073850,13.404634,2.059670,1.763300,11.657395,0.477308,3.435500,12.578240,1.257463,3.747310,12.439464,1.268163,1.992520,11.589566,0.240300,3.279050,12.049811,-0.859705,3.122300,12.184760,-0.793606,3.611010,12.278329,1.387373,3.134770,12.056791,-0.913621,-1.443270,13.190126,2.101829,-0.966106,13.462946,3.274983,-0.595675,13.722450,3.500474,-1.118370,12.099340,1.302622,-0.746554,12.061583,1.545967,-1.141900,13.122694,2.132190,-1.059640,11.842788,1.190194,-0.875143,11.890451,0.949993,-1.600600,14.126741,3.003000,-1.854380,13.948307,2.988119,-1.858460,14.172972,2.971717,-0.607021,13.494381,3.469943,-1.717780,13.292901,0.253760,-1.630540,13.315448,0.140172,-1.745560,13.414120,0.306928,-1.681050,13.557401,0.253326,-1.634730,11.548765,-1.193555,-1.931410,12.532640,-2.236465,-2.170720,12.522390,-2.213881,-1.471040,11.570097,-1.268973,-1.585040,11.608065,-1.014946,-2.870890,12.800834,-1.388281,-2.976840,12.702783,-1.590213,-2.875320,12.922196,-1.584623,-3.890840,13.116572,-1.281696,-3.774610,13.306095,-1.316709,-2.906310,12.717779,-1.771007,-3.581940,13.399309,-2.206149,-3.704740,13.204810,-2.116085,-2.046500,12.464627,-2.331833,-3.573570,13.116740,-2.236889,-3.847400,13.272941,-1.117254],

    "morphTargets": [],

    "morphColors": [],

    "normals": [-0.3668,-0.05,-0.929,0.9369,0.1189,-0.3287,0.1209,0.1132,0.9862,-0.9462,0.0421,-0.3209,0.5074,0.1095,-0.8547,0.6086,0.0534,0.7917,-0.9001,0.0698,0.4301,-0.4931,0.1016,-0.864,0.635,0.2427,-0.7334,0.9592,0.1278,-0.2521,-0.5063,0.0194,0.8621,-0.8171,-0.0786,-0.5711,0.7178,0.0781,-0.6919,0.5285,0.1246,0.8397,-0.9059,-0.036,0.4219,0.6501,-0.7445,0.1522,0.4825,-0.2819,0.8293,-0.8565,-0.0339,0.515,0.071,0.3361,-0.9391,0.9989,0.0041,-0.0463,-0.8076,-0.0798,0.5843,-0.67,0.329,-0.6655,0.7253,0.5596,0.401,0.3383,0.6345,-0.695,0.1848,0.4265,-0.8854,-0.4593,0.426,0.7795,-0.4617,0.6134,-0.6408,0.521,-0.5373,-0.6632,0.4095,0.6385,0.6516,0.1839,0.4793,0.8582,-0.489,0.2166,0.845,0.5334,-0.8318,-0.1536,0.2881,0.6699,-0.6843,-0.7234,0.2676,-0.6365,0.0526,-0.9416,-0.3325,-0.5408,0.8411,0.0076,-0.3819,-0.5873,0.7136,0.8918,0.0452,0.4501,-0.8559,0.0888,-0.5094,-0.8417,0.0492,-0.5378,0.8508,0.0014,0.5255,-0.6554,-0.3314,0.6787,0.5247,0.3278,-0.7856,0.4067,-0.597,0.6915,-0.1077,0.0704,0.9917,0.2137,0.8299,-0.5153,-0.9108,-0.0198,-0.4123,-0.4686,-0.0943,0.8783,0.9386,-0.1708,-0.2998,-0.1549,-0.9401,0.3037,-0.5629,-0.6133,-0.5541,-0.7872,0.1083,-0.6071,-0.3391,0.4598,0.8207,0.9048,0.3201,-0.2808,-0.9344,-0.2989,0.1938,-0.3153,0.6439,0.6971,-0.5046,-0.558,-0.6588,0.1755,0.5809,0.7949,-0.8622,-0.0192,0.5061,0.7369,-0.0592,-0.6734,-0.4646,-0.2336,0.8541,-0.2717,0.0757,-0.9594,-0.6602,-0.7492,0.0541,0.4754,0.7452,0.4676,0.4899,0.2009,-0.8483,-0.4006,0.3866,0.8307,-0.0847,0.8567,-0.5088,-0.4164,-0.776,-0.4738,0.8547,-0.1027,-0.5089,-0.653,0.0628,-0.7548,0.6966,0.2649,-0.6667,-0.4819,-0.8691,-0.1117,-0.848,0.4775,-0.2301,-0.1758,-0.7735,0.6089,0.4727,0.7902,0.3901],

    "colors": [],

    "uvs": [[0.7806,0.099039,0.86039,0.11488,0.87326,0.35143,0.81581,0.29031,0.68092,0.078746,0.72791,0.022991,0.71537,0.12392,0.70566,0.19932,0.85906,0.14884,0.77393,0.12007,0.76866,0.23124,0.85411,0.19638,0.90029,0.041288,0.91666,0.089857,0.89229,0.15865,0.83116,0,0.76959,0.35084,0.78233,0.52696,0.72478,0.5438,0.75127,0.41205,0.83378,0.43157,0.89702,0.4062,0.91586,0.35694,0.7323,0.56227,0.3031,0.62723,0.32712,0.64398,0.78036,0.60937,0.82787,0.55641,0.88982,0.53085,0.85872,0.50046,0.80558,0.5498,0.79377,0.73051,0.8584,0.7574,0.92356,0.89455,0.86162,0.88539,0.37025,0.63955,0.051761,0.74739,0,0.73646,0.32538,0.61591,0.029933,0.55016,0.058115,0.56622,0.035425,0.73428,0.056715,0.54715,0.92837,0.87429,0.8375,0.95914,0.77163,0.98844,0.88461,0.74494,0.81892,0.75619,0.87575,0.86958,0.87704,0.71978,0.84519,0.70551,0.94286,0.99688,0.98801,0.98381,0.98789,1,0.77619,0.9702,0.99584,0.76146,0.9802,0.75437,1,0.7746,0.98748,0.78126]],